{
  "project_info": {
    "project_number": "10965947681",
    "project_id": "loginapp-85153",
    "storage_bucket": "loginapp-85153.appspot.com"
  },
  "client": [
    {
      "client_info": {
        "mobilesdk_app_id": "1:10965947681:android:698f99981604ff7e8f1a60",
        "android_client_info": {
          "package_name": "com.isteve.loginapp"
        }
      },
      "oauth_client": [],
      "api_key": [
        {
          "current_key": "AIzaSyB7QsJs0m_cJfR2arK3X0yjb0gfB_FtBic"
        }
      ],
      "services": {
        "appinvite_service": {
          "other_platform_oauth_client": []
        }
      }
    }
  ],
  "configuration_version": "1"
}